{"_wandb": {"runtime": 730}, "train/box_loss": 1.13691, "train/cls_loss": 0.81938, "train/dfl_loss": 1.14071, "_timestamp": 1711651516.9933167, "lr/pg0": 0.003331531531531532, "lr/pg1": 0.003331531531531532, "lr/pg2": 0.003331531531531532, "metrics/precision(B)": 0.0, "metrics/recall(B)": 0.0, "metrics/mAP50(B)": 0.0, "metrics/mAP50-95(B)": 0.0, "val/box_loss": 0.0, "val/cls_loss": 3254.44873, "val/dfl_loss": 0.0, "labels": {"_type": "image-file", "sha256": "6bcfa7efeb4abe3ebe4bc56e62cc4cea7564f4672a2813e36fa0e36fc49e479f", "size": 213640, "path": "media/images/labels_1_6bcfa7efeb4abe3ebe4b.jpg", "format": "jpg", "width": 1600, "height": 1600}, "train_batch0": {"_type": "image-file", "sha256": "6fc183dcdda9eb549b12d59f1b63104ee1e80c73184bfbe3c81075dccb3cbff6", "size": 767548, "path": "media/images/train_batch0_1_6fc183dcdda9eb549b12.jpg", "format": "jpg", "width": 1920, "height": 1920}, "train_batch1": {"_type": "image-file", "sha256": "515f87c5e9fb8f4b9b56808e1044c4bac1ce4cedd04a66c2ae9f53713cfdb8e8", "size": 769582, "path": "media/images/train_batch1_1_515f87c5e9fb8f4b9b56.jpg", "format": "jpg", "width": 1920, "height": 1920}, "train_batch2": {"_type": "image-file", "sha256": "e43dc4536b9dd939e2856e0ce6ce904472e9a0dceb4527803a8d4b3479bb8718", "size": 756093, "path": "media/images/train_batch2_1_e43dc4536b9dd939e285.jpg", "format": "jpg", "width": 1920, "height": 1920}, "model/parameters": 25856899, "model/GFLOPs": 79.066, "model/speed_PyTorch(ms)": 4.507, "_runtime": 695.2236926555634, "_step": 1}